level,slew,width,slowrate,range,count,step
7.00,0.10,0.50000,0,10,2,10
7.00,0.10,0.50000,,,,
7.00,0.10,0.50000,,,,
7.00,0.10,0.50000,,,,
7.00,0.10,0.50000,,,,
7.00,0.10,0.50000,,,,
7.00,0.10,0.50000,,,,
7.00,0.10,0.50000,,,,
7.00,0.10,0.50000,,,,
7.00,0.10,0.50000,,,,
