level,slew,width,slowrate,range,count,step
1.00,0.10,0.50000,1,10,5,10
7.00,0.10,0.50000,,,,
1.00,0.10,0.50000,,,,
7.00,0.10,0.50000,,,,
1.00,0.10,0.50000,,,,
7.00,0.10,0.50000,,,,
1.00,0.10,0.50000,,,,
7.00,0.10,0.50000,,,,
1.00,0.10,0.50000,,,,
7.00,0.10,0.50000,,,,